colour	x	y	key	showSelectedlegendsizecolour	PANEL
#000000	45.5	0.997304698795894	45.5	LOPART	2
#000000	46.5	0.998756393652592	46.5	LOPART	2
#000000	47.5	0.998415702270006	47.5	LOPART	2
#000000	48.5	0.998162354183977	48.5	LOPART	2
#000000	49.5	0.997730243136193	49.5	LOPART	2
#000000	50.5	0.995752027810657	50.5	LOPART	2
#000000	51.5	0.995119974994766	51.5	LOPART	2
#000000	52.5	0.998686754915705	52.5	LOPART	2
#000000	53.5	0.998651946344094	53.5	LOPART	2
#000000	54.5	1	54.5	LOPART	2
