colour	x	y	key	showSelectedlegendsizecolour	PANEL
#00BFFF	0.5	1	0.5	OPART	2
#00BFFF	1.5	0.819735810978935	1.5	OPART	2
#00BFFF	2.5	0.842802546815207	2.5	OPART	2
#00BFFF	3.5	0.106920494461652	3.5	OPART	2
#00BFFF	4.5	0	4.5	OPART	2
