colour	x	y	key	showSelectedlegendsizecolour	PANEL
#000000	0.5	0	0.5	LOPART	2
#000000	1.5	0.865998144892603	1.5	LOPART	2
#000000	2.5	0.922154065872037	2.5	LOPART	2
#000000	3.5	1	3.5	LOPART	2
#000000	4.5	0.952319361410571	4.5	LOPART	2
#000000	5.5	0.92523583110806	5.5	LOPART	2
#000000	6.5	0.912595545991135	6.5	LOPART	2
#000000	7.5	0.957638647173164	7.5	LOPART	2
#000000	8.5	0.875822715832728	8.5	LOPART	2
#000000	9.5	0.989159605205786	9.5	LOPART	2
