colour	x	y	key	showSelectedlegendsizecolour	PANEL
#00BFFF	0.5	0	0.5	OPART	2
#00BFFF	1.5	0.985278547056284	1.5	OPART	2
#00BFFF	2.5	0.99063295512909	2.5	OPART	2
#00BFFF	3.5	1	3.5	OPART	2
#00BFFF	4.5	0.992993852798753	4.5	OPART	2
#00BFFF	5.5	0.988772847651223	5.5	OPART	2
#00BFFF	6.5	0.985583101387236	6.5	OPART	2
#00BFFF	7.5	0.990118414908442	7.5	OPART	2
#00BFFF	8.5	0.966233126755567	8.5	OPART	2
