colour	x	y	key	showSelectedlegendsizecolour	PANEL
#00BFFF	0.5	0.713004677170439	0.5	OPART	2
#00BFFF	1.5	0.656515264054796	1.5	OPART	2
#00BFFF	2.5	1	2.5	OPART	2
#00BFFF	3.5	0.257256499236457	3.5	OPART	2
#00BFFF	4.5	0	4.5	OPART	2
#00BFFF	5.5	0.226784536839626	5.5	OPART	2
#00BFFF	6.5	0.343128925080812	6.5	OPART	2
