colour	x	y	key	showSelectedlegendsizecolour	PANEL
#000000	0.5	1	0.5	LOPART	2
#000000	1.5	0.84006332357392	1.5	LOPART	2
#000000	2.5	0.838027330707177	2.5	LOPART	2
#000000	3.5	0.643613801749284	3.5	LOPART	2
#000000	4.5	0.409132596777238	4.5	LOPART	2
#000000	5.5	0.37955103694476	5.5	LOPART	2
#000000	6.5	0.364239469398582	6.5	LOPART	2
#000000	7.5	0.361626298278887	7.5	LOPART	2
#000000	8.5	0.277290263668	8.5	LOPART	2
#000000	9.5	0.0167014938671876	9.5	LOPART	2
#000000	10.5	0	10.5	LOPART	2
