colour	x	y	key	showSelectedlegendsizecolour	PANEL
#000000	20.5	0.986941643352919	20.5	LOPART	2
#000000	21.5	0.978294150761351	21.5	LOPART	2
#000000	22.5	0.980245998537374	22.5	LOPART	2
#000000	23.5	0.970289857289248	23.5	LOPART	2
#000000	24.5	0.954033612414268	24.5	LOPART	2
#000000	25.5	0.945055979837205	25.5	LOPART	2
#000000	26.5	0.971444074873804	26.5	LOPART	2
#000000	27.5	0.97805159337488	27.5	LOPART	2
#000000	28.5	0.989758950000862	28.5	LOPART	2
#000000	29.5	0.993861253850634	29.5	LOPART	2
