colour	x	y	key	showSelectedlegendsizecolour	PANEL
#000000	0.5	1	0.5	LOPART	2
#000000	1.5	0.785690542548845	1.5	LOPART	2
#000000	2.5	0.787098195721427	2.5	LOPART	2
#000000	3.5	0.34318040770506	3.5	LOPART	2
#000000	4.5	0.0616978779088789	4.5	LOPART	2
#000000	5.5	0.0307167230846067	5.5	LOPART	2
#000000	6.5	0	6.5	LOPART	2
