colour	x	y	key	showSelectedlegendsizecolour	PANEL
#00BFFF	0.5	1	0.5	OPART	2
#00BFFF	1.5	0.824729554326967	1.5	OPART	2
#00BFFF	2.5	0.83111737588143	2.5	OPART	2
#00BFFF	3.5	0.642821523051078	3.5	OPART	2
#00BFFF	4.5	0.373834737768112	4.5	OPART	2
#00BFFF	5.5	0.332899583188157	5.5	OPART	2
#00BFFF	6.5	0.291052812474376	6.5	OPART	2
#00BFFF	7.5	0.301464745105424	7.5	OPART	2
#00BFFF	8.5	0	8.5	OPART	2
