colour	x	y	key	showSelectedlegendsizecolour	PANEL
#000000	0.5	0.755768978075913	0.5	LOPART	2
#000000	1.5	0.783317066065335	1.5	LOPART	2
#000000	2.5	1	2.5	LOPART	2
#000000	3.5	0	3.5	LOPART	2
