colour	x	y	key	showSelectedlegendsizecolour	PANEL
#000000	0.5	0	0.5	LOPART	2
#000000	1.5	0.990749437211602	1.5	LOPART	2
#000000	2.5	0.996581865731957	2.5	LOPART	2
#000000	3.5	0.999187252706021	3.5	LOPART	2
#000000	4.5	1	4.5	LOPART	2
#000000	5.5	0.998329731112728	5.5	LOPART	2
#000000	6.5	0.997002547350688	6.5	LOPART	2
