colour	x	y	key	showSelectedlegendsizecolour	PANEL
#000000	0.5	0.939953607846388	0.5	LOPART	2
#000000	1.5	0.79171874611924	1.5	LOPART	2
#000000	2.5	1	2.5	LOPART	2
#000000	3.5	0.740074410780237	3.5	LOPART	2
#000000	4.5	0.350346140795754	4.5	LOPART	2
#000000	5.5	0.456790016921613	5.5	LOPART	2
#000000	6.5	0.539016376106836	6.5	LOPART	2
#000000	7.5	0.683128279765826	7.5	LOPART	2
#000000	8.5	0.474305970518339	8.5	LOPART	2
#000000	9.5	0	9.5	LOPART	2
#000000	10.5	0.315787825024158	10.5	LOPART	2
