colour	x	y	key	showSelectedlegendsizecolour	PANEL
#00BFFF	0.5	0	0.5	OPART	2
#00BFFF	1.5	0.990749437211602	1.5	OPART	2
#00BFFF	2.5	0.996581865731957	2.5	OPART	2
#00BFFF	3.5	0.999187252706021	3.5	OPART	2
#00BFFF	4.5	1	4.5	OPART	2
#00BFFF	5.5	0.998329731112728	5.5	OPART	2
#00BFFF	6.5	0.997002547350688	6.5	OPART	2
