colour	x	y	key	showSelectedlegendsizecolour	PANEL
#000000	0.5	0	0.5	LOPART	2
#000000	1.5	0.998619093468728	1.5	LOPART	2
#000000	2.5	0.999176555472799	2.5	LOPART	2
#000000	3.5	1	3.5	LOPART	2
#000000	4.5	0.999474113613848	4.5	LOPART	2
#000000	5.5	0.999207840893329	5.5	LOPART	2
#000000	6.5	0.999098209353854	6.5	LOPART	2
#000000	7.5	0.999537079685235	7.5	LOPART	2
#000000	8.5	0.998880957962834	8.5	LOPART	2
#000000	9.5	0.999995840385515	9.5	LOPART	2
#000000	10.5	0.999977092000565	10.5	LOPART	2
