colour	x	y	key	showSelectedlegendsizecolour	PANEL
#000000	0.5	0	0.5	LOPART	2
#000000	1.5	0.852680750363067	1.5	LOPART	2
#000000	2.5	0.906262919361706	2.5	LOPART	2
#000000	3.5	1	3.5	LOPART	2
#000000	4.5	0.929888690166671	4.5	LOPART	2
#000000	5.5	0.887648612816621	5.5	LOPART	2
#000000	6.5	0.855728460102116	6.5	LOPART	2
#000000	7.5	0.901113857003274	7.5	LOPART	2
#000000	8.5	0.662091068865668	8.5	LOPART	2
