colour	x	y	key	showSelectedlegendsizecolour	PANEL
#000000	0.5	0	0.5	LOPART	2
#000000	1.5	0.991165524282251	1.5	LOPART	2
#000000	2.5	0.996990819044379	2.5	LOPART	2
#000000	3.5	0.993743246129833	3.5	LOPART	2
#000000	4.5	1	4.5	LOPART	2
#000000	5.5	0.999776034201717	5.5	LOPART	2
