colour	x	y	key	showSelectedlegendsizecolour	PANEL
#00BFFF	0.5	0	0.5	OPART	2
#00BFFF	1.5	0.999076378388434	1.5	OPART	2
#00BFFF	2.5	0.999658716690712	2.5	OPART	2
#00BFFF	3.5	0.999918851319359	3.5	OPART	2
#00BFFF	4.5	1	4.5	OPART	2
#00BFFF	5.5	0.999833232152822	5.5	OPART	2
#00BFFF	6.5	0.999700719609187	6.5	OPART	2
