colour	x	y	key	showSelectedlegendsizecolour	PANEL
#00BFFF	0.5	1	0.5	OPART	2
#00BFFF	1.5	0.785690542548845	1.5	OPART	2
#00BFFF	2.5	0.787098195721427	2.5	OPART	2
#00BFFF	3.5	0.34318040770506	3.5	OPART	2
#00BFFF	4.5	0.0616978779088789	4.5	OPART	2
#00BFFF	5.5	0.0307167230846067	5.5	OPART	2
#00BFFF	6.5	0	6.5	OPART	2
