colour	x	y	key	showSelectedlegendsizecolour	PANEL
#000000	0.5	0	0.5	LOPART	2
#000000	1.5	0.999139209341884	1.5	LOPART	2
#000000	2.5	0.999721695371649	2.5	LOPART	2
#000000	3.5	0.999034171968427	3.5	LOPART	2
#000000	4.5	1	4.5	LOPART	2
