colour	x	y	key	showSelectedlegendsizecolour	PANEL
#00BFFF	0.5	0	0.5	OPART	2
#00BFFF	1.5	0.991392076334619	1.5	OPART	2
#00BFFF	2.5	0.997216948192936	2.5	OPART	2
#00BFFF	3.5	0.990341700515358	3.5	OPART	2
#00BFFF	4.5	1	4.5	OPART	2
