colour	x	y	key	showSelectedlegendsizecolour	PANEL
#00BFFF	0.5	0.650955642186123	0.5	OPART	2
#00BFFF	1.5	0.657538044428098	1.5	OPART	2
#00BFFF	2.5	1	2.5	OPART	2
#00BFFF	3.5	0.158757482821375	3.5	OPART	2
#00BFFF	4.5	0	4.5	OPART	2
#00BFFF	5.5	0.288391006843961	5.5	OPART	2
#00BFFF	6.5	0.4968670242259	6.5	OPART	2
#00BFFF	7.5	0.478910532066774	7.5	OPART	2
