size	colour	x	xend	y	yend	key	showSelectedlegendsizecolour	showSelected2	PANEL
1.5	#000000	0.5	4.5	9.93635107374607	9.93635107374607	1 4	LOPART	0	1
1.5	#000000	0.5	1.5	9.10308545337502	9.10308545337502	1 1	LOPART	1	1
1.5	#000000	1.5	4.5	10.2141062805364	10.2141062805364	2 4	LOPART	1	1
1.5	#000000	0.5	2.5	9.64396731901088	9.64396731901088	1 2	LOPART	2	1
1.5	#000000	2.5	4.5	10.2287348284813	10.2287348284813	3 4	LOPART	2	1
1.5	#000000	0.5	2.5	9.64396731901088	9.64396731901088	1 2	LOPART	3	1
1.5	#000000	2.5	3.5	11.5878453312088	11.5878453312088	3 3	LOPART	3	1
1.5	#000000	3.5	4.5	8.86962432575372	8.86962432575372	4 4	LOPART	3	1
