colour	x	y	key	showSelectedlegendsizecolour	PANEL
#00BFFF	0.5	0	0.5	OPART	2
#00BFFF	1.5	0.861692212197738	1.5	OPART	2
#00BFFF	2.5	0.9175260683066	2.5	OPART	2
#00BFFF	3.5	1	3.5	OPART	2
#00BFFF	4.5	0.947328670654512	4.5	OPART	2
#00BFFF	5.5	0.920659529700286	5.5	OPART	2
#00BFFF	6.5	0.909679137215487	6.5	OPART	2
#00BFFF	7.5	0.953635178620704	7.5	OPART	2
#00BFFF	8.5	0.887919837358149	8.5	OPART	2
#00BFFF	9.5	0.999583384490946	9.5	OPART	2
#00BFFF	10.5	0.997705597987187	10.5	OPART	2
