colour	x	y	key	showSelectedlegendsizecolour	PANEL
#00BFFF	0.5	0	0.5	OPART	2
#00BFFF	1.5	0.999116637791861	1.5	OPART	2
#00BFFF	2.5	0.999699110980824	2.5	OPART	2
#00BFFF	3.5	0.999374385069232	3.5	OPART	2
#00BFFF	4.5	1	4.5	OPART	2
#00BFFF	5.5	0.999977605584254	5.5	OPART	2
