colour	x	y	key	showSelectedlegendsizecolour	PANEL
#00BFFF	0.5	1	0.5	OPART	2
#00BFFF	1.5	0.840156336143991	1.5	OPART	2
#00BFFF	2.5	0.849624126020637	2.5	OPART	2
#00BFFF	3.5	0.641913221854444	3.5	OPART	2
#00BFFF	4.5	0.402611754635341	4.5	OPART	2
#00BFFF	5.5	0.381080033240835	5.5	OPART	2
#00BFFF	6.5	0.363813421450802	6.5	OPART	2
#00BFFF	7.5	0.373631167732528	7.5	OPART	2
#00BFFF	8.5	0.272356361281803	8.5	OPART	2
#00BFFF	9.5	0	9.5	OPART	2
