colour	x	y	key	showSelectedlegendsizecolour	PANEL
#000000	20.5	0.632473231624434	20.5	LOPART	2
#000000	21.5	0.517437157521019	21.5	LOPART	2
#000000	22.5	0.559222869972857	22.5	LOPART	2
#000000	23.5	0.44340817485199	23.5	LOPART	2
#000000	24.5	0.252392977171964	24.5	LOPART	2
#000000	25.5	0.16310525442475	25.5	LOPART	2
#000000	26.5	0.462504495976994	26.5	LOPART	2
#000000	27.5	0.517743272436831	27.5	LOPART	2
#000000	28.5	0.60692292094242	28.5	LOPART	2
#000000	29.5	0.626301702896411	29.5	LOPART	2
