colour	x	y	key	showSelectedlegendsizecolour	PANEL
#00BFFF	0.5	1	0.5	OPART	2
#00BFFF	1.5	0.814256358785874	1.5	OPART	2
#00BFFF	2.5	0.815867029172765	2.5	OPART	2
#00BFFF	3.5	0.118162886274387	3.5	OPART	2
#00BFFF	4.5	0	4.5	OPART	2
