size	colour	x	xend	y	yend	key	showSelectedlegendsizecolour	showSelected2	PANEL
3	#00BFFF	0.5	3.5	10.2919266564102	10.2919266564102	1 3	OPART	0	1
3	#00BFFF	0.5	1.5	9.10308545337502	9.10308545337502	1 1	OPART	1	1
3	#00BFFF	1.5	3.5	10.8863472579278	10.8863472579278	2 3	OPART	1	1
3	#00BFFF	0.5	1.5	9.10308545337502	9.10308545337502	1 1	OPART	2	1
3	#00BFFF	1.5	2.5	10.1848491846467	10.1848491846467	2 2	OPART	2	1
3	#00BFFF	2.5	3.5	11.5878453312088	11.5878453312088	3 3	OPART	2	1
