colour	x	y	key	showSelectedlegendsizecolour	PANEL
#00BFFF	0.5	0	0.5	OPART	2
#00BFFF	1.5	0.906034804814016	1.5	OPART	2
#00BFFF	2.5	0.965279339104497	2.5	OPART	2
#00BFFF	3.5	0.991744290605602	3.5	OPART	2
#00BFFF	4.5	1	4.5	OPART	2
#00BFFF	5.5	0.983033773663761	5.5	OPART	2
#00BFFF	6.5	0.969552531051773	6.5	OPART	2
