colour	x	y	key	showSelectedlegendsizecolour	PANEL
#00BFFF	0.5	0.673042349520713	0.5	OPART	2
#00BFFF	1.5	0.7360293211414	1.5	OPART	2
#00BFFF	2.5	1	2.5	OPART	2
#00BFFF	3.5	0	3.5	OPART	2
#00BFFF	4.5	0.203305339535594	4.5	OPART	2
