colour	x	y	key	showSelectedlegendsizecolour	PANEL
#00BFFF	0.5	1	0.5	OPART	2
#00BFFF	1.5	0.843292696530785	1.5	OPART	2
#00BFFF	2.5	0.841543358473948	2.5	OPART	2
#00BFFF	3.5	0.641026791042663	3.5	OPART	2
#00BFFF	4.5	0.411597771033684	4.5	OPART	2
#00BFFF	5.5	0.38147692538265	5.5	OPART	2
#00BFFF	6.5	0.364214372361609	6.5	OPART	2
#00BFFF	7.5	0.362785322928572	7.5	OPART	2
#00BFFF	8.5	0.25968166398527	8.5	OPART	2
#00BFFF	9.5	0	9.5	OPART	2
