colour	x	y	key	showSelectedlegendsizecolour	PANEL
#00BFFF	0.5	0	0.5	OPART	2
#00BFFF	1.5	0.865998144892603	1.5	OPART	2
#00BFFF	2.5	0.922154065872037	2.5	OPART	2
#00BFFF	3.5	1	3.5	OPART	2
#00BFFF	4.5	0.952319361410571	4.5	OPART	2
#00BFFF	5.5	0.92523583110806	5.5	OPART	2
#00BFFF	6.5	0.912595545991135	6.5	OPART	2
#00BFFF	7.5	0.957638647173164	7.5	OPART	2
#00BFFF	8.5	0.875822715832728	8.5	OPART	2
#00BFFF	9.5	0.989159605205786	9.5	OPART	2
