colour	x	y	key	showSelectedlegendsizecolour	PANEL
#000000	0.5	1	0.5	LOPART	2
#000000	1.5	0.840156336143991	1.5	LOPART	2
#000000	2.5	0.849624126020637	2.5	LOPART	2
#000000	3.5	0.641913221854444	3.5	LOPART	2
#000000	4.5	0.402611754635341	4.5	LOPART	2
#000000	5.5	0.381080033240835	5.5	LOPART	2
#000000	6.5	0.363813421450802	6.5	LOPART	2
#000000	7.5	0.373631167732528	7.5	LOPART	2
#000000	8.5	0.272356361281803	8.5	LOPART	2
#000000	9.5	0	9.5	LOPART	2
