colour	x	y	key	showSelectedlegendsizecolour	PANEL
#000000	0.5	1	0.5	LOPART	2
#000000	1.5	0.808005996438628	1.5	LOPART	2
#000000	2.5	0.809604457536546	2.5	LOPART	2
#000000	3.5	0.194192947909455	3.5	LOPART	2
#000000	4.5	0.00273948330713474	4.5	LOPART	2
#000000	5.5	0	5.5	LOPART	2
