colour	x	y	key	showSelectedlegendsizecolour	PANEL
#000000	0.5	0.984379338259812	0.5	LOPART	2
#000000	1.5	0.849233972176603	1.5	LOPART	2
#000000	2.5	1	2.5	LOPART	2
#000000	3.5	0.835976778800267	3.5	LOPART	2
#000000	4.5	0.493058492867158	4.5	LOPART	2
#000000	5.5	0.529410388702265	5.5	LOPART	2
#000000	6.5	0.532438848961382	6.5	LOPART	2
#000000	7.5	0.645172849306122	7.5	LOPART	2
#000000	8.5	0	8.5	LOPART	2
