colour	x	y	key	showSelectedlegendsizecolour	PANEL
#000000	0.5	0	0.5	LOPART	2
#000000	1.5	0.999076378388434	1.5	LOPART	2
#000000	2.5	0.999658716690712	2.5	LOPART	2
#000000	3.5	0.999918851319359	3.5	LOPART	2
#000000	4.5	1	4.5	LOPART	2
#000000	5.5	0.999833232152822	5.5	LOPART	2
#000000	6.5	0.999700719609187	6.5	LOPART	2
