colour	x	y	key	showSelectedlegendsizecolour	PANEL
#000000	0.5	0.713004677170439	0.5	LOPART	2
#000000	1.5	0.656515264054796	1.5	LOPART	2
#000000	2.5	1	2.5	LOPART	2
#000000	3.5	0.257256499236457	3.5	LOPART	2
#000000	4.5	0	4.5	LOPART	2
#000000	5.5	0.226784536839626	5.5	LOPART	2
#000000	6.5	0.343128925080812	6.5	LOPART	2
