colour	x	y	key	showSelectedlegendsizecolour	PANEL
#00BFFF	0.5	1	0.5	OPART	2
#00BFFF	1.5	0.84006332357392	1.5	OPART	2
#00BFFF	2.5	0.838027330707177	2.5	OPART	2
#00BFFF	3.5	0.643613801749284	3.5	OPART	2
#00BFFF	4.5	0.409132596777238	4.5	OPART	2
#00BFFF	5.5	0.37955103694476	5.5	OPART	2
#00BFFF	6.5	0.364239469398582	6.5	OPART	2
#00BFFF	7.5	0.361626298278887	7.5	OPART	2
#00BFFF	8.5	0.277290263668	8.5	OPART	2
#00BFFF	9.5	0.0167014938671876	9.5	OPART	2
#00BFFF	10.5	0	10.5	OPART	2
