colour	x	y	key	showSelectedlegendsizecolour	PANEL
#00BFFF	0.5	0	0.5	OPART	2
#00BFFF	1.5	0.913919054886494	1.5	OPART	2
#00BFFF	2.5	0.972168929562494	2.5	OPART	2
#00BFFF	3.5	0.90341508822029	3.5	OPART	2
#00BFFF	4.5	1	4.5	OPART	2
