colour	x	y	key	showSelectedlegendsizecolour	PANEL
#00BFFF	0.5	0	0.5	OPART	2
#00BFFF	1.5	0.999139209341884	1.5	OPART	2
#00BFFF	2.5	0.999721695371649	2.5	OPART	2
#00BFFF	3.5	0.999034171968427	3.5	OPART	2
#00BFFF	4.5	1	4.5	OPART	2
