colour	x	y	key	showSelectedlegendsizecolour	PANEL
#000000	0.5	0	0.5	LOPART	2
#000000	1.5	0.990856340072969	1.5	LOPART	2
#000000	2.5	0.996707698800528	2.5	LOPART	2
#000000	3.5	0.997536589644557	3.5	LOPART	2
#000000	4.5	1	4.5	LOPART	2
#000000	5.5	0.999411756693624	5.5	LOPART	2
#000000	6.5	0.999674292629212	6.5	LOPART	2
#000000	7.5	0.99989944355386	7.5	LOPART	2
