colour	x	y	key	showSelectedlegendsizecolour	PANEL
#000000	0.5	0	0.5	LOPART	2
#000000	1.5	0.99866369112012	1.5	LOPART	2
#000000	2.5	0.999223695724552	2.5	LOPART	2
#000000	3.5	1	3.5	LOPART	2
#000000	4.5	0.999524513592037	4.5	LOPART	2
#000000	5.5	0.999254428062155	5.5	LOPART	2
#000000	6.5	0.999128375141228	6.5	LOPART	2
#000000	7.5	0.999577559191991	7.5	LOPART	2
#000000	8.5	0.99876166484875	8.5	LOPART	2
#000000	9.5	0.999891896154622	9.5	LOPART	2
