colour	x	y	key	showSelectedlegendsizecolour	PANEL
#00BFFF	0.5	0	0.5	OPART	2
#00BFFF	1.5	0.99866369112012	1.5	OPART	2
#00BFFF	2.5	0.999223695724552	2.5	OPART	2
#00BFFF	3.5	1	3.5	OPART	2
#00BFFF	4.5	0.999524513592037	4.5	OPART	2
#00BFFF	5.5	0.999254428062155	5.5	OPART	2
#00BFFF	6.5	0.999128375141228	6.5	OPART	2
#00BFFF	7.5	0.999577559191991	7.5	OPART	2
#00BFFF	8.5	0.99876166484875	8.5	OPART	2
#00BFFF	9.5	0.999891896154622	9.5	OPART	2
