colour	x	y	key	showSelectedlegendsizecolour	PANEL
#00BFFF	0.5	0	0.5	OPART	2
#00BFFF	1.5	0.990856340072969	1.5	OPART	2
#00BFFF	2.5	0.996707698800528	2.5	OPART	2
#00BFFF	3.5	0.997536589644557	3.5	OPART	2
#00BFFF	4.5	1	4.5	OPART	2
#00BFFF	5.5	0.999411756693624	5.5	OPART	2
#00BFFF	6.5	0.999674292629212	6.5	OPART	2
#00BFFF	7.5	0.99989944355386	7.5	OPART	2
