colour	x	y	key	showSelectedlegendsizecolour	PANEL
#000000	0.5	0.93076835827462	0.5	LOPART	2
#000000	1.5	0.801951502139651	1.5	LOPART	2
#000000	2.5	1	2.5	LOPART	2
#000000	3.5	0.737288698117721	3.5	LOPART	2
#000000	4.5	0.386212140511505	4.5	LOPART	2
#000000	5.5	0.485620875603193	5.5	LOPART	2
#000000	6.5	0.557646407533359	6.5	LOPART	2
#000000	7.5	0.697703267981522	7.5	LOPART	2
#000000	8.5	0.443537846184428	8.5	LOPART	2
#000000	9.5	0	9.5	LOPART	2
