colour	x	y	key	showSelectedlegendsizecolour	PANEL
#000000	0.5	1	0.5	LOPART	2
#000000	1.5	0.809632194585105	1.5	LOPART	2
#000000	2.5	0.811497466616396	2.5	LOPART	2
#000000	3.5	0.339589128262375	3.5	LOPART	2
#000000	4.5	0.094316261329987	4.5	LOPART	2
#000000	5.5	0.0847856945113438	5.5	LOPART	2
#000000	6.5	0.0853893494074087	6.5	LOPART	2
#000000	7.5	0	7.5	LOPART	2
