colour	x	y	key	showSelectedlegendsizecolour	PANEL
#000000	0.5	0	0.5	LOPART	2
#000000	1.5	0.999116637791861	1.5	LOPART	2
#000000	2.5	0.999699110980824	2.5	LOPART	2
#000000	3.5	0.999374385069232	3.5	LOPART	2
#000000	4.5	1	4.5	LOPART	2
#000000	5.5	0.999977605584254	5.5	LOPART	2
