colour	x	y	key	showSelectedlegendsizecolour	PANEL
#00BFFF	0.5	0.626658607375627	0.5	OPART	2
#00BFFF	1.5	0.684099478380313	1.5	OPART	2
#00BFFF	2.5	1	2.5	OPART	2
#00BFFF	3.5	0	3.5	OPART	2
#00BFFF	4.5	0.0587908104368281	4.5	OPART	2
#00BFFF	5.5	0.345566355425517	5.5	OPART	2
