colour	x	y	key	showSelectedlegendsizecolour	PANEL
#000000	0.5	1	0.5	LOPART	2
#000000	1.5	0.814256358785874	1.5	LOPART	2
#000000	2.5	0.815867029172765	2.5	LOPART	2
#000000	3.5	0.118162886274387	3.5	LOPART	2
#000000	4.5	0	4.5	LOPART	2
