colour	x	y	key	showSelectedlegendsizecolour	PANEL
#00BFFF	0.5	1	0.5	OPART	2
#00BFFF	1.5	0.808005996438628	1.5	OPART	2
#00BFFF	2.5	0.809604457536546	2.5	OPART	2
#00BFFF	3.5	0.194192947909455	3.5	OPART	2
#00BFFF	4.5	0.00273948330713474	4.5	OPART	2
#00BFFF	5.5	0	5.5	OPART	2
