colour	x	y	key	showSelectedlegendsizecolour	PANEL
#000000	0.5	0	0.5	LOPART	2
#000000	1.5	0.913919054886494	1.5	LOPART	2
#000000	2.5	0.972168929562494	2.5	LOPART	2
#000000	3.5	0.90341508822029	3.5	LOPART	2
#000000	4.5	1	4.5	LOPART	2
