colour	x	y	key	showSelectedlegendsizecolour	PANEL
#000000	0.5	0.650955642186123	0.5	LOPART	2
#000000	1.5	0.657538044428098	1.5	LOPART	2
#000000	2.5	1	2.5	LOPART	2
#000000	3.5	0.158757482821375	3.5	LOPART	2
#000000	4.5	0	4.5	LOPART	2
#000000	5.5	0.288391006843961	5.5	LOPART	2
#000000	6.5	0.4968670242259	6.5	LOPART	2
#000000	7.5	0.478910532066774	7.5	LOPART	2
