colour	x	y	key	showSelectedlegendsizecolour	PANEL
#000000	0.5	0	0.5	LOPART	2
#000000	1.5	0.907940853163623	1.5	LOPART	2
#000000	2.5	0.966852831145239	2.5	LOPART	2
#000000	3.5	0.97519817475281	3.5	LOPART	2
#000000	4.5	1	4.5	LOPART	2
#000000	5.5	0.994077516295513	5.5	LOPART	2
#000000	6.5	0.996720750453066	6.5	LOPART	2
#000000	7.5	0.998987589136687	7.5	LOPART	2
