colour	x	y	key	showSelectedlegendsizecolour	PANEL
#000000	0.5	0	0.5	LOPART	2
#000000	1.5	0.998527959343951	1.5	LOPART	2
#000000	2.5	0.999063362092741	2.5	LOPART	2
#000000	3.5	1	3.5	LOPART	2
#000000	4.5	0.99929943507873	4.5	LOPART	2
#000000	5.5	0.998877364566375	5.5	LOPART	2
#000000	6.5	0.99855841261231	6.5	LOPART	2
#000000	7.5	0.999011911727966	7.5	LOPART	2
#000000	8.5	0.996623552686443	8.5	LOPART	2
