colour	x	y	key	showSelectedlegendsizecolour	PANEL
#00BFFF	0.5	0	0.5	OPART	2
#00BFFF	1.5	0.986188963553347	1.5	OPART	2
#00BFFF	2.5	0.991764379326601	2.5	OPART	2
#00BFFF	3.5	1	3.5	OPART	2
#00BFFF	4.5	0.994740385477611	4.5	OPART	2
#00BFFF	5.5	0.992077278189348	5.5	OPART	2
#00BFFF	6.5	0.990980806304316	6.5	OPART	2
#00BFFF	7.5	0.995370136070519	7.5	OPART	2
#00BFFF	8.5	0.988807982285086	8.5	OPART	2
#00BFFF	9.5	0.999958397917636	9.5	OPART	2
#00BFFF	10.5	0.999770887306306	10.5	OPART	2
