colour	x	y	key	showSelectedlegendsizecolour	PANEL
#00BFFF	0.5	0	0.5	OPART	2
#00BFFF	1.5	0.986633547262373	1.5	OPART	2
#00BFFF	2.5	0.992235003026608	2.5	OPART	2
#00BFFF	3.5	1	3.5	OPART	2
#00BFFF	4.5	0.995243938961183	4.5	OPART	2
#00BFFF	5.5	0.992542403766268	5.5	OPART	2
#00BFFF	6.5	0.991281557239404	6.5	OPART	2
#00BFFF	7.5	0.99577452849434	7.5	OPART	2
#00BFFF	8.5	0.987613531181502	8.5	OPART	2
#00BFFF	9.5	0.998918689412486	9.5	OPART	2
