colour	x	y	key	showSelectedlegendsizecolour	PANEL
#00BFFF	0.5	0	0.5	OPART	2
#00BFFF	1.5	0.998527959343951	1.5	OPART	2
#00BFFF	2.5	0.999063362092741	2.5	OPART	2
#00BFFF	3.5	1	3.5	OPART	2
#00BFFF	4.5	0.99929943507873	4.5	OPART	2
#00BFFF	5.5	0.998877364566375	5.5	OPART	2
#00BFFF	6.5	0.99855841261231	6.5	OPART	2
#00BFFF	7.5	0.999011911727966	7.5	OPART	2
#00BFFF	8.5	0.996623552686443	8.5	OPART	2
