colour	x	y	key	showSelectedlegendsizecolour	PANEL
#000000	20.5	0.869398361624007	20.5	LOPART	2
#000000	21.5	0.782911468148356	21.5	LOPART	2
#000000	22.5	0.802432647137302	22.5	LOPART	2
#000000	23.5	0.702857456012567	23.5	LOPART	2
#000000	24.5	0.540272509690978	24.5	LOPART	2
#000000	25.5	0.4504837594684	25.5	LOPART	2
#000000	26.5	0.71440122921921	26.5	LOPART	2
#000000	27.5	0.780485558600208	27.5	LOPART	2
#000000	28.5	0.897575327070203	28.5	LOPART	2
#000000	29.5	0.938604042886152	29.5	LOPART	2
