colour	x	y	key	showSelectedlegendsizecolour	PANEL
#00BFFF	0.5	1	0.5	OPART	2
#00BFFF	1.5	0.834766879746589	1.5	OPART	2
#00BFFF	2.5	0.843985429656563	2.5	OPART	2
#00BFFF	3.5	0.640661628789431	3.5	OPART	2
#00BFFF	4.5	0.393070299481817	4.5	OPART	2
#00BFFF	5.5	0.371855984539981	5.5	OPART	2
#00BFFF	6.5	0.356546860684283	6.5	OPART	2
#00BFFF	7.5	0.365127733112819	7.5	OPART	2
#00BFFF	8.5	0.283419635885215	8.5	OPART	2
#00BFFF	9.5	0.00698417376188955	9.5	OPART	2
#00BFFF	10.5	0	10.5	OPART	2
