colour	x	y	key	showSelectedlegendsizecolour	PANEL
#00BFFF	0.5	0	0.5	OPART	2
#00BFFF	1.5	0.911569788358417	1.5	OPART	2
#00BFFF	2.5	0.969879083119918	2.5	OPART	2
#00BFFF	3.5	0.937371940723472	3.5	OPART	2
#00BFFF	4.5	1	4.5	OPART	2
#00BFFF	5.5	0.997758175631991	5.5	OPART	2
