colour	x	y	key	showSelectedlegendsizecolour	PANEL
#000000	45.5	0.142239798450782	45.5	LOPART	2
#000000	46.5	0.136939198681852	46.5	LOPART	2
#000000	47.5	0.141780068602146	47.5	LOPART	2
#000000	48.5	0.142147509016172	48.5	LOPART	2
#000000	49.5	0.140510146486633	49.5	LOPART	2
#000000	50.5	0.129005095272416	50.5	LOPART	2
#000000	51.5	0.123202733716234	51.5	LOPART	2
#000000	52.5	0.140819712314402	52.5	LOPART	2
#000000	53.5	0.13947043253539	53.5	LOPART	2
#000000	54.5	0.140094581158207	54.5	LOPART	2
