colour	x	y	key	showSelectedlegendsizecolour	PANEL
#000000	0.5	0	0.5	LOPART	2
#000000	1.5	0.999086251927035	1.5	LOPART	2
#000000	2.5	0.999670992370599	2.5	LOPART	2
#000000	3.5	0.999753825439357	3.5	LOPART	2
#000000	4.5	1	4.5	LOPART	2
#000000	5.5	0.999941215422279	5.5	LOPART	2
#000000	6.5	0.999967451273912	6.5	LOPART	2
#000000	7.5	0.999989951150894	7.5	LOPART	2
