colour	x	y	key	showSelectedlegendsizecolour	PANEL
#000000	0.5	1	0.5	LOPART	2
#000000	1.5	0.824729554326967	1.5	LOPART	2
#000000	2.5	0.83111737588143	2.5	LOPART	2
#000000	3.5	0.642821523051078	3.5	LOPART	2
#000000	4.5	0.373834737768112	4.5	LOPART	2
#000000	5.5	0.332899583188157	5.5	LOPART	2
#000000	6.5	0.291052812474376	6.5	LOPART	2
#000000	7.5	0.301464745105424	7.5	LOPART	2
#000000	8.5	0	8.5	LOPART	2
