colour	x	y	key	showSelectedlegendsizecolour	PANEL
#00BFFF	0.5	1	0.5	OPART	2
#00BFFF	1.5	0.806319778310669	1.5	OPART	2
#00BFFF	2.5	0.828022608644114	2.5	OPART	2
#00BFFF	3.5	0.318896886845534	3.5	OPART	2
#00BFFF	4.5	0.0636995741423441	4.5	OPART	2
#00BFFF	5.5	0.0726342035788834	5.5	OPART	2
#00BFFF	6.5	0.0760595678876418	6.5	OPART	2
#00BFFF	7.5	0	7.5	OPART	2
