colour	x	y	key	showSelectedlegendsizecolour	PANEL
#00BFFF	0.5	0.939953607846388	0.5	OPART	2
#00BFFF	1.5	0.79171874611924	1.5	OPART	2
#00BFFF	2.5	1	2.5	OPART	2
#00BFFF	3.5	0.740074410780237	3.5	OPART	2
#00BFFF	4.5	0.350346140795754	4.5	OPART	2
#00BFFF	5.5	0.456790016921613	5.5	OPART	2
#00BFFF	6.5	0.539016376106836	6.5	OPART	2
#00BFFF	7.5	0.683128279765826	7.5	OPART	2
#00BFFF	8.5	0.474305970518339	8.5	OPART	2
#00BFFF	9.5	0	9.5	OPART	2
#00BFFF	10.5	0.315787825024158	10.5	OPART	2
