colour	x	y	key	showSelectedlegendsizecolour	PANEL
#000000	0.5	0	0.5	LOPART	2
#000000	1.5	0.999415977873201	1.5	LOPART	2
#000000	2.5	1	2.5	LOPART	2
#000000	3.5	0.998824343080831	3.5	LOPART	2
