colour	x	y	key	showSelectedlegendsizecolour	PANEL
#000000	0.5	0	0.5	LOPART	2
#000000	1.5	0.986633547262373	1.5	LOPART	2
#000000	2.5	0.992235003026608	2.5	LOPART	2
#000000	3.5	1	3.5	LOPART	2
#000000	4.5	0.995243938961183	4.5	LOPART	2
#000000	5.5	0.992542403766268	5.5	LOPART	2
#000000	6.5	0.991281557239404	6.5	LOPART	2
#000000	7.5	0.99577452849434	7.5	LOPART	2
#000000	8.5	0.987613531181502	8.5	LOPART	2
#000000	9.5	0.998918689412486	9.5	LOPART	2
