colour	x	y	key	showSelectedlegendsizecolour	PANEL
#000000	0.5	0	0.5	LOPART	2
#000000	1.5	0.906034804814016	1.5	LOPART	2
#000000	2.5	0.965279339104497	2.5	LOPART	2
#000000	3.5	0.991744290605602	3.5	LOPART	2
#000000	4.5	1	4.5	LOPART	2
#000000	5.5	0.983033773663761	5.5	LOPART	2
#000000	6.5	0.969552531051773	6.5	LOPART	2
