colour	x	y	key	showSelectedlegendsizecolour	PANEL
#00BFFF	0.5	0.93076835827462	0.5	OPART	2
#00BFFF	1.5	0.801951502139651	1.5	OPART	2
#00BFFF	2.5	1	2.5	OPART	2
#00BFFF	3.5	0.737288698117721	3.5	OPART	2
#00BFFF	4.5	0.386212140511505	4.5	OPART	2
#00BFFF	5.5	0.485620875603193	5.5	OPART	2
#00BFFF	6.5	0.557646407533359	6.5	OPART	2
#00BFFF	7.5	0.697703267981522	7.5	OPART	2
#00BFFF	8.5	0.443537846184428	8.5	OPART	2
#00BFFF	9.5	0	9.5	OPART	2
