colour	x	y	key	showSelectedlegendsizecolour	PANEL
#000000	20.5	0.762333433039851	20.5	LOPART	2
#000000	21.5	0.604946103791886	21.5	LOPART	2
#000000	22.5	0.640470402345939	22.5	LOPART	2
#000000	23.5	0.459265218986106	23.5	LOPART	2
#000000	24.5	0.16339599014529	24.5	LOPART	2
#000000	25.5	0	25.5	LOPART	2
#000000	26.5	0.480272374653563	26.5	LOPART	2
#000000	27.5	0.600531476217273	27.5	LOPART	2
#000000	28.5	0.813609379714217	28.5	LOPART	2
#000000	29.5	0.888272715917452	29.5	LOPART	2
