colour	x	y	key	showSelectedlegendsizecolour	PANEL
#000000	0.5	0	0.5	LOPART	2
#000000	1.5	0.911569788358417	1.5	LOPART	2
#000000	2.5	0.969879083119918	2.5	LOPART	2
#000000	3.5	0.937371940723472	3.5	LOPART	2
#000000	4.5	1	4.5	LOPART	2
#000000	5.5	0.997758175631991	5.5	LOPART	2
