colour	x	y	key	showSelectedlegendsizecolour	PANEL
#000000	0.5	0	0.5	LOPART	2
#000000	1.5	0.99414174332663	1.5	LOPART	2
#000000	2.5	1	2.5	LOPART	2
#000000	3.5	0.988207124907994	3.5	LOPART	2
