colour	x	y	key	showSelectedlegendsizecolour	PANEL
#00BFFF	0.5	1	0.5	OPART	2
#00BFFF	1.5	0.812367887314137	1.5	OPART	2
#00BFFF	2.5	0.835372828451966	2.5	OPART	2
#00BFFF	3.5	0.187043982698381	3.5	OPART	2
#00BFFF	4.5	0	4.5	OPART	2
#00BFFF	5.5	0.0182850682298382	5.5	OPART	2
