colour	x	y	key	showSelectedlegendsizecolour	PANEL
#000000	0.5	1	0.5	LOPART	2
#000000	1.5	0.812367887314137	1.5	LOPART	2
#000000	2.5	0.835372828451966	2.5	LOPART	2
#000000	3.5	0.187043982698381	3.5	LOPART	2
#000000	4.5	0	4.5	LOPART	2
#000000	5.5	0.0182850682298382	5.5	LOPART	2
