colour	x	y	key	showSelectedlegendsizecolour	PANEL
#00BFFF	0.5	0.984379338259812	0.5	OPART	2
#00BFFF	1.5	0.849233972176603	1.5	OPART	2
#00BFFF	2.5	1	2.5	OPART	2
#00BFFF	3.5	0.835976778800267	3.5	OPART	2
#00BFFF	4.5	0.493058492867158	4.5	OPART	2
#00BFFF	5.5	0.529410388702265	5.5	OPART	2
#00BFFF	6.5	0.532438848961382	6.5	OPART	2
#00BFFF	7.5	0.645172849306122	7.5	OPART	2
#00BFFF	8.5	0	8.5	OPART	2
