colour	x	y	key	showSelectedlegendsizecolour	PANEL
#000000	0.5	1	0.5	LOPART	2
#000000	1.5	0.819735810978935	1.5	LOPART	2
#000000	2.5	0.842802546815207	2.5	LOPART	2
#000000	3.5	0.106920494461652	3.5	LOPART	2
#000000	4.5	0	4.5	LOPART	2
