colour	x	y	key	showSelectedlegendsizecolour	PANEL
#00BFFF	0.5	0	0.5	OPART	2
#00BFFF	1.5	0.998619093468728	1.5	OPART	2
#00BFFF	2.5	0.999176555472799	2.5	OPART	2
#00BFFF	3.5	1	3.5	OPART	2
#00BFFF	4.5	0.999474113613848	4.5	OPART	2
#00BFFF	5.5	0.999207840893329	5.5	OPART	2
#00BFFF	6.5	0.999098209353854	6.5	OPART	2
#00BFFF	7.5	0.999537079685235	7.5	OPART	2
#00BFFF	8.5	0.998880957962834	8.5	OPART	2
#00BFFF	9.5	0.999995840385515	9.5	OPART	2
#00BFFF	10.5	0.999977092000565	10.5	OPART	2
