colour	x	y	key	showSelectedlegendsizecolour	PANEL
#000000	0.5	1	0.5	LOPART	2
#000000	1.5	0.834766879746589	1.5	LOPART	2
#000000	2.5	0.843985429656563	2.5	LOPART	2
#000000	3.5	0.640661628789431	3.5	LOPART	2
#000000	4.5	0.393070299481817	4.5	LOPART	2
#000000	5.5	0.371855984539981	5.5	LOPART	2
#000000	6.5	0.356546860684283	6.5	LOPART	2
#000000	7.5	0.365127733112819	7.5	LOPART	2
#000000	8.5	0.283419635885215	8.5	LOPART	2
#000000	9.5	0.00698417376188955	9.5	LOPART	2
#000000	10.5	0	10.5	LOPART	2
