colour	x	y	key	showSelectedlegendsizecolour	PANEL
#000000	0.5	1	0.5	LOPART	2
#000000	1.5	0.806319778310669	1.5	LOPART	2
#000000	2.5	0.828022608644114	2.5	LOPART	2
#000000	3.5	0.318896886845534	3.5	LOPART	2
#000000	4.5	0.0636995741423441	4.5	LOPART	2
#000000	5.5	0.0726342035788834	5.5	LOPART	2
#000000	6.5	0.0760595678876418	6.5	LOPART	2
#000000	7.5	0	7.5	LOPART	2
