size	colour	x	xend	y	yend	key	showSelectedlegendsizecolour	showSelected2	PANEL
1.5	#000000	0.5	3.5	10.2919266564102	10.2919266564102	1 3	LOPART	0	1
1.5	#000000	0.5	1.5	9.10308545337502	9.10308545337502	1 1	LOPART	1	1
1.5	#000000	1.5	3.5	10.8863472579278	10.8863472579278	2 3	LOPART	1	1
1.5	#000000	0.5	2.5	9.64396731901088	9.64396731901088	1 2	LOPART	2	1
1.5	#000000	2.5	3.5	11.5878453312088	11.5878453312088	3 3	LOPART	2	1
