colour	x	y	key	showSelectedlegendsizecolour	PANEL
#000000	20.5	0.698062295753029	20.5	LOPART	2
#000000	21.5	0.56220772507733	21.5	LOPART	2
#000000	22.5	0.608325238471299	22.5	LOPART	2
#000000	23.5	0.465226392998676	23.5	LOPART	2
#000000	24.5	0.232930990329694	24.5	LOPART	2
#000000	25.5	0.121027040753556	25.5	LOPART	2
#000000	26.5	0.501782307268922	26.5	LOPART	2
#000000	27.5	0.569730247547794	27.5	LOPART	2
#000000	28.5	0.679428068880873	28.5	LOPART	2
#000000	29.5	0.703265459990448	29.5	LOPART	2
