colour	x	y	key	showSelectedlegendsizecolour	PANEL
#00BFFF	0.5	1	0.5	OPART	2
#00BFFF	1.5	0.827387145804348	1.5	OPART	2
#00BFFF	2.5	0.822724268209992	2.5	OPART	2
#00BFFF	3.5	0.638068929735041	3.5	OPART	2
#00BFFF	4.5	0.37881175549345	4.5	OPART	2
#00BFFF	5.5	0.33039698674775	5.5	OPART	2
#00BFFF	6.5	0.290226717114779	6.5	OPART	2
#00BFFF	7.5	0.289284283249552	7.5	OPART	2
#00BFFF	8.5	0	8.5	OPART	2
