colour	x	y	key	showSelectedlegendsizecolour	PANEL
#00BFFF	0.5	1	0.5	OPART	2
#00BFFF	1.5	0.809632194585105	1.5	OPART	2
#00BFFF	2.5	0.811497466616396	2.5	OPART	2
#00BFFF	3.5	0.339589128262375	3.5	OPART	2
#00BFFF	4.5	0.094316261329987	4.5	OPART	2
#00BFFF	5.5	0.0847856945113438	5.5	OPART	2
#00BFFF	6.5	0.0853893494074087	6.5	OPART	2
#00BFFF	7.5	0	7.5	OPART	2
