colour	x	y	key	showSelectedlegendsizecolour	PANEL
#000000	0.5	1	0.5	LOPART	2
#000000	1.5	0.827387145804348	1.5	LOPART	2
#000000	2.5	0.822724268209992	2.5	LOPART	2
#000000	3.5	0.638068929735041	3.5	LOPART	2
#000000	4.5	0.37881175549345	4.5	LOPART	2
#000000	5.5	0.33039698674775	5.5	LOPART	2
#000000	6.5	0.290226717114779	6.5	LOPART	2
#000000	7.5	0.289284283249552	7.5	LOPART	2
#000000	8.5	0	8.5	LOPART	2
