colour	x	y	key	showSelectedlegendsizecolour	PANEL
#00BFFF	0.5	1	0.5	OPART	2
#00BFFF	1.5	0.783704586420076	1.5	OPART	2
#00BFFF	2.5	0.804803272764853	2.5	OPART	2
#00BFFF	3.5	0.3358266378755	3.5	OPART	2
#00BFFF	4.5	0.0456080616757426	4.5	OPART	2
#00BFFF	5.5	0.0310632522411864	5.5	OPART	2
#00BFFF	6.5	0	6.5	OPART	2
