colour	x	y	key	showSelectedlegendsizecolour	PANEL
#00BFFF	0.5	0	0.5	OPART	2
#00BFFF	1.5	0.907940853163623	1.5	OPART	2
#00BFFF	2.5	0.966852831145239	2.5	OPART	2
#00BFFF	3.5	0.97519817475281	3.5	OPART	2
#00BFFF	4.5	1	4.5	OPART	2
#00BFFF	5.5	0.994077516295513	5.5	OPART	2
#00BFFF	6.5	0.996720750453066	6.5	OPART	2
#00BFFF	7.5	0.998987589136687	7.5	OPART	2
