size	colour	x	xend	y	yend	key	showSelectedlegendsizecolour	showSelected2	PANEL
3	#00BFFF	0.5	5.5	9.93303050768666	9.93303050768666	1 5	OPART	0	1
3	#00BFFF	0.5	1.5	9.10308545337502	9.10308545337502	1 1	OPART	1	1
3	#00BFFF	1.5	5.5	10.1405167712646	10.1405167712646	2 5	OPART	1	1
3	#00BFFF	0.5	2.5	9.64396731901088	9.64396731901088	1 2	OPART	2	1
3	#00BFFF	2.5	5.5	10.1257393001372	10.1257393001372	3 5	OPART	2	1
3	#00BFFF	0.5	3.5	10.2919266564102	10.2919266564102	1 3	OPART	3	1
3	#00BFFF	3.5	5.5	9.39468628460136	9.39468628460136	4 5	OPART	3	1
3	#00BFFF	0.5	4.5	9.93635107374607	9.93635107374607	1 4	OPART	4	1
3	#00BFFF	4.5	5.5	9.91974824344901	9.91974824344901	5 5	OPART	4	1
