colour	x	y	key	showSelectedlegendsizecolour	PANEL
#000000	0.5	0.673042349520713	0.5	LOPART	2
#000000	1.5	0.7360293211414	1.5	LOPART	2
#000000	2.5	1	2.5	LOPART	2
#000000	3.5	0	3.5	LOPART	2
#000000	4.5	0.203305339535594	4.5	LOPART	2
