colour	x	y	key	showSelectedlegendsizecolour	PANEL
#000000	0.5	0.626658607375627	0.5	LOPART	2
#000000	1.5	0.684099478380313	1.5	LOPART	2
#000000	2.5	1	2.5	LOPART	2
#000000	3.5	0	3.5	LOPART	2
#000000	4.5	0.0587908104368281	4.5	LOPART	2
#000000	5.5	0.345566355425517	5.5	LOPART	2
