colour	x	y	key	showSelectedlegendsizecolour	PANEL
#000000	0.5	1	0.5	LOPART	2
#000000	1.5	0.800546447187378	1.5	LOPART	2
#000000	2.5	0.802444776994481	2.5	LOPART	2
#000000	3.5	0	3.5	LOPART	2
