colour	x	y	key	showSelectedlegendsizecolour	PANEL
#000000	20.5	0.641362354947716	20.5	LOPART	2
#000000	21.5	0.522498336146329	21.5	LOPART	2
#000000	22.5	0.566088153944738	22.5	LOPART	2
#000000	23.5	0.446684593134978	23.5	LOPART	2
#000000	24.5	0.249785884515171	24.5	LOPART	2
#000000	25.5	0.158302606770719	25.5	LOPART	2
#000000	26.5	0.466697541247481	26.5	LOPART	2
#000000	27.5	0.52346251371512	27.5	LOPART	2
#000000	28.5	0.615106112949693	28.5	LOPART	2
#000000	29.5	0.635020312621992	29.5	LOPART	2
