colour	x	y	key	showSelectedlegendsizecolour	PANEL
#00BFFF	0.5	0	0.5	OPART	2
#00BFFF	1.5	0.999086251927035	1.5	OPART	2
#00BFFF	2.5	0.999670992370599	2.5	OPART	2
#00BFFF	3.5	0.999753825439357	3.5	OPART	2
#00BFFF	4.5	1	4.5	OPART	2
#00BFFF	5.5	0.999941215422279	5.5	OPART	2
#00BFFF	6.5	0.999967451273912	6.5	OPART	2
#00BFFF	7.5	0.999989951150894	7.5	OPART	2
