colour	x	y	key	showSelectedlegendsizecolour	PANEL
#000000	0.5	1	0.5	LOPART	2
#000000	1.5	0.783704586420076	1.5	LOPART	2
#000000	2.5	0.804803272764853	2.5	LOPART	2
#000000	3.5	0.3358266378755	3.5	LOPART	2
#000000	4.5	0.0456080616757426	4.5	LOPART	2
#000000	5.5	0.0310632522411864	5.5	LOPART	2
#000000	6.5	0	6.5	LOPART	2
