colour	x	y	key	showSelectedlegendsizecolour	PANEL
#000000	0.5	0	0.5	LOPART	2
#000000	1.5	0.991392076334619	1.5	LOPART	2
#000000	2.5	0.997216948192936	2.5	LOPART	2
#000000	3.5	0.990341700515358	3.5	LOPART	2
#000000	4.5	1	4.5	LOPART	2
