colour	x	y	key	showSelectedlegendsizecolour	PANEL
#000000	45.5	0.640946704097999	45.5	LOPART	2
#000000	46.5	0.65907969435823	46.5	LOPART	2
#000000	47.5	0.654824148853152	47.5	LOPART	2
#000000	48.5	0.651659600631998	48.5	LOPART	2
#000000	49.5	0.646262140287871	49.5	LOPART	2
#000000	50.5	0.621552430072206	50.5	LOPART	2
#000000	51.5	0.613657515034358	51.5	LOPART	2
#000000	52.5	0.658209843141306	52.5	LOPART	2
#000000	53.5	0.657775052395104	53.5	LOPART	2
#000000	54.5	0.674613469711271	54.5	LOPART	2
