colour	x	y	key	showSelectedlegendsizecolour	PANEL
#00BFFF	0.5	0	0.5	OPART	2
#00BFFF	1.5	0.991165524282251	1.5	OPART	2
#00BFFF	2.5	0.996990819044379	2.5	OPART	2
#00BFFF	3.5	0.993743246129833	3.5	OPART	2
#00BFFF	4.5	1	4.5	OPART	2
#00BFFF	5.5	0.999776034201717	5.5	OPART	2
