colour	x	y	key	showSelectedlegendsizecolour	PANEL
#000000	0.5	1	0.5	LOPART	2
#000000	1.5	0.843292696530785	1.5	LOPART	2
#000000	2.5	0.841543358473948	2.5	LOPART	2
#000000	3.5	0.641026791042663	3.5	LOPART	2
#000000	4.5	0.411597771033684	4.5	LOPART	2
#000000	5.5	0.38147692538265	5.5	LOPART	2
#000000	6.5	0.364214372361609	6.5	LOPART	2
#000000	7.5	0.362785322928572	7.5	LOPART	2
#000000	8.5	0.25968166398527	8.5	LOPART	2
#000000	9.5	0	9.5	LOPART	2
